[{"@type":"mappingTemplate","id":"@1","name":"Mapping2","description":"","bundleVersion":"0","templateId":"@3","deployTime":1699429525000,"hasParameters":false,"valid":true,"fixedConnection":true,"hasParametersDeployed":false,"fixedConnectionDeployed":true,"isSchemaValidationEnabled":false,"tasks":1,"mappingPreviewFileRecordId":"@2","documentType":"MAPPING","references":[{"@type":"reference","refObjectId":"@eebeXb9z5qhiOYzqtuy6iT","refType":"connection"},{"@type":"reference","refObjectId":"@ixCVudIMHSdkM5q1FvEl6H","refType":"connection"}]}]